#db_name, benchmark, starting node_id, num_visited, sum_out_deg, total_time_taken_usecs
std_rd_s10_e8,bfs,176,1,0,444
std_rd_s10_e8,bfs,260,1,0,88
std_rd_s10_e8,bfs,51,1,0,79
std_rd_s10_e8,bfs,603,1,0,77
std_rd_s10_e8,bfs,337,1,0,80
std_rd_s10_e8,bfs,306,1,0,75
std_rd_s10_e8,bfs,123,1,0,73
std_rd_s10_e8,bfs,656,1,0,73
std_rd_s10_e8,bfs,88,1,0,72
std_rd_s10_e8,bfs,859,1,0,72
std_rd_s10_e8,bfs,141,1,0,72
std_rd_s10_e8,bfs,565,1,0,73
std_rd_s10_e8,bfs,857,1,0,72
std_rd_s10_e8,bfs,297,1,0,72
std_rd_s10_e8,bfs,167,1,0,114
std_rd_s10_e8,bfs,782,1,0,75
std_rd_s10_e8,bfs,176,1,0,468
std_rd_s10_e8,bfs,260,1,0,80
std_rd_s10_e8,bfs,51,1,0,51
std_rd_s10_e8,bfs,603,1,0,51
std_rd_s10_e8,bfs,337,1,0,51
std_rd_s10_e8,bfs,306,1,0,51
std_rd_s10_e8,bfs,123,1,0,51
std_rd_s10_e8,bfs,656,1,0,51
std_rd_s10_e8,bfs,88,1,0,51
std_rd_s10_e8,bfs,859,1,0,51
std_rd_s10_e8,bfs,141,1,0,51
std_rd_s10_e8,bfs,565,1,0,51
std_rd_s10_e8,bfs,857,1,0,51
std_rd_s10_e8,bfs,297,1,0,51
std_rd_s10_e8,bfs,167,1,0,51
std_rd_s10_e8,bfs,782,1,0,51
std_rd_s10_e8,bfs,176,1,0,384
std_rd_s10_e8,bfs,260,1,0,52
std_rd_s10_e8,bfs,51,1,0,51
std_rd_s10_e8,bfs,603,1,0,51
std_rd_s10_e8,bfs,337,1,0,51
std_rd_s10_e8,bfs,306,1,0,51
std_rd_s10_e8,bfs,123,1,0,51
std_rd_s10_e8,bfs,656,1,0,50
std_rd_s10_e8,bfs,88,1,0,51
std_rd_s10_e8,bfs,859,1,0,51
std_rd_s10_e8,bfs,141,1,0,76
std_rd_s10_e8,bfs,565,1,0,50
std_rd_s10_e8,bfs,857,1,0,51
std_rd_s10_e8,bfs,297,1,0,51
std_rd_s10_e8,bfs,167,1,0,51
std_rd_s10_e8,bfs,782,1,0,51
std_rd_s10_e8,bfs,176,1,0,380
std_rd_s10_e8,bfs,260,1,0,55
std_rd_s10_e8,bfs,51,1,0,51
std_rd_s10_e8,bfs,603,1,0,52
std_rd_s10_e8,bfs,337,1,0,51
std_rd_s10_e8,bfs,306,1,0,51
std_rd_s10_e8,bfs,123,1,0,51
std_rd_s10_e8,bfs,656,1,0,50
std_rd_s10_e8,bfs,88,1,0,51
std_rd_s10_e8,bfs,859,1,0,51
std_rd_s10_e8,bfs,141,1,0,86
std_rd_s10_e8,bfs,565,1,0,52
std_rd_s10_e8,bfs,857,1,0,51
std_rd_s10_e8,bfs,297,1,0,50
std_rd_s10_e8,bfs,167,1,0,51
std_rd_s10_e8,bfs,782,1,0,51
std_rd_s10_e8,bfs,176,1,0,469
std_rd_s10_e8,bfs,260,1,0,54
std_rd_s10_e8,bfs,51,1,0,51
std_rd_s10_e8,bfs,603,1,0,52
std_rd_s10_e8,bfs,337,1,0,51
std_rd_s10_e8,bfs,306,1,0,74
std_rd_s10_e8,bfs,123,1,0,51
std_rd_s10_e8,bfs,656,1,0,51
std_rd_s10_e8,bfs,88,1,0,51
std_rd_s10_e8,bfs,859,1,0,51
std_rd_s10_e8,bfs,141,1,0,51
std_rd_s10_e8,bfs,565,1,0,51
std_rd_s10_e8,bfs,857,1,0,51
std_rd_s10_e8,bfs,297,1,0,51
std_rd_s10_e8,bfs,167,1,0,51
std_rd_s10_e8,bfs,782,1,0,51
std_rd_s10_e8,bfs,176,1,0,429
std_rd_s10_e8,bfs,260,1,0,82
std_rd_s10_e8,bfs,51,1,0,76
std_rd_s10_e8,bfs,603,1,0,76
std_rd_s10_e8,bfs,337,1,0,75
std_rd_s10_e8,bfs,306,1,0,73
std_rd_s10_e8,bfs,123,1,0,75
std_rd_s10_e8,bfs,656,1,0,76
std_rd_s10_e8,bfs,88,1,0,75
std_rd_s10_e8,bfs,859,1,0,77
std_rd_s10_e8,bfs,141,1,0,79
std_rd_s10_e8,bfs,565,1,0,76
std_rd_s10_e8,bfs,857,1,0,75
std_rd_s10_e8,bfs,297,1,0,78
std_rd_s10_e8,bfs,167,1,0,77
std_rd_s10_e8,bfs,782,1,0,76
